{
    "return_1d": [
        0.4568918176825919,
        0.985172453908841,
        0.994706516138099,
        1.00088804946659,
        1.0071067671664045,
        1.0163743656676703,
        1.701530209812273
    ],
    "return_2d": [
        0.5359692476661175,
        0.97844481483278,
        0.992251621419962,
        1.001722720334656,
        1.011083178890581,
        1.0248709938283043,
        2.106694560669456
    ],
    "open_to_prev_close": [
        0.6962605351444235,
        0.994148079043338,
        0.99826744369192,
        1.0006757411963667,
        1.003368473582434,
        1.0078514140987758,
        1.3138075313807531
    ],
    "PM_time_diff": [
        -18036.0,
        -9000.0,
        0.0,
        9000.0,
        18000.0
    ],
    "PM_min_to_open_ratio": [
        0.7653459821428572,
        0.9883357702090761,
        0.9933311449465339,
        0.9958333333333333,
        0.9975615746635276,
        0.9991806908274227,
        1.0244648318042813
    ],
    "PM_range_to_open_ratio": [
        0.0,
        0.0043878773429966425,
        0.006736287726644751,
        0.009315709392268248,
        0.01328918225797047,
        0.021817808901561517,
        0.3586245561577275
    ],
    "PM_range_to_close_ratio": [
        0.0,
        0.00437964493906258,
        0.006749425452177826,
        0.009306536626313096,
        0.013270887056576674,
        0.021834878059867318,
        0.5624999999999998
    ],
    "Close_to_open_ratio": [
        0.5367741935483871,
        0.9882352941176471,
        0.9953873571653213,
        1.0000941699681418,
        1.004794190235738,
        1.0116814650099066,
        1.497016980266177
    ],
    "dayOpen_to_prevDayClose": [
        0.6962605351444235,
        0.9941480790433381,
        0.99826744369192,
        1.0006757411963667,
        1.003368473582434,
        1.0078514140987758,
        1.3138075313807531
    ],
    "hist_close_ratio": [
        0.45689181768259196,
        0.9851901945253392,
        0.9947420230006483,
        1.0009322560596645,
        1.0071656050955413,
        1.0164426158472466,
        1.701530209812273
    ],
    "dayOpen_to_prevDayOpen_ratio": [
        0.5903225806451613,
        0.9848932853072415,
        0.9946761911179999,
        1.0009806485397563,
        1.0074410514109007,
        1.0167743279849968,
        1.4975688816855754
    ],
    "dayOpen_to_prev2DayOpen_ratio": [
        0.5831739961759083,
        0.9783875410530776,
        0.9921724004638577,
        1.0014893088215913,
        1.0112084063047286,
        1.0251378375852724,
        1.8517034068136273
    ],
    "Open_1_day_ago_to_Close_1_day_ago_ratio": [
        0.8257205002718869,
        0.9968356597886043,
        0.9987334137515078,
        1.0,
        1.001150666917152,
        1.0031579925898289,
        1.292743953294412
    ],
    "return_1d_to_return_2d_ratio": [
        0.5877062859262006,
        0.983823370261329,
        0.9928853754940711,
        0.9990686122322261,
        1.0052857694535628,
        1.0150324328814464,
        2.188701923076923
    ],
    "prev2DayClose_to_prevDayClose_ratio": [
        0.5903613122096698,
        0.9837767503668228,
        0.9928283775583383,
        0.9990817261016168,
        1.0051493305870238,
        1.0149980771695937,
        2.188701923076923
    ],
    "PM_max_vs_PM_max_1dayago": [
        0.5202738283307005,
        0.9836853037277533,
        0.994016123755353,
        1.0007513152249994,
        1.0073436708660422,
        1.0176607116857317,
        1.594090202177294
    ],
    "AH_max_1dayago_to_Close": [
        0.5909156420802891,
        0.9881762545616213,
        0.9960501459728662,
        1.0012937371406103,
        1.0069291338582678,
        1.0162659336817708,
        2.2115384615384612
    ],
    "AH_max_1dayago_vs_PM_max": [
        0.8191556395715186,
        0.9897089616630129,
        0.9947140022015859,
        0.9972870396390455,
        0.9993165172677368,
        1.001875352651358,
        1.3383860414394766
    ],
    "AH_max_1dayago_vs_prevDayClose": [
        0.9959349593495934,
        1.0,
        1.0004347646060205,
        1.0012666219639397,
        1.0024494005414466,
        1.0052424639580604,
        1.6317991631799162
    ],
    "Close_to_prevDayClose": [
        0.45689181768259196,
        0.9869904199649564,
        0.9954895197665165,
        1.000766863993932,
        1.0062131096613856,
        1.014755581560585,
        1.6938779342723003
    ],
    "Close_to_Close_1_day_ago": [
        0.45689181768259196,
        0.985172453908841,
        0.994706516138099,
        1.00088804946659,
        1.0071067671664045,
        1.0163743656676703,
        1.701530209812273
    ],
    "Close_to_prevDayOpen": [
        0.5302740599107713,
        0.9805470314916037,
        0.9928696713185389,
        1.0010340548787595,
        1.0091619610336187,
        1.020945945831415,
        1.8075951903807614
    ],
    "PM_max_to_PM_min_ratio": [
        1.0,
        1.0043959541852463,
        1.0067609345855302,
        1.0093514202777363,
        1.013363009311561,
        1.0220800753362322,
        1.36037558685446
    ],
    "PM_max_to_dayOpen_ratio": [
        0.9880717881374481,
        1.0008263268682154,
        1.0025352641688183,
        1.004351578465732,
        1.0068855981137033,
        1.0119392898335242,
        1.3537656512801346
    ],
    "PM_max_to_prevDayClose_ratio": [
        0.7503477620489323,
        1.0002674791631532,
        1.0027119077516558,
        1.0049941401672493,
        1.0082163959152264,
        1.0150836794562437,
        1.518828451882845
    ],
    "PM_min_to_prevDayClose_ratio": [
        0.6938875705752393,
        0.9886788001798217,
        0.9941759767285177,
        0.9969617218643978,
        0.9991009798036002,
        1.0011585653172257,
        1.2635983263598325
    ],
    "PM_max_to_prevDayOpen_ratio": [
        0.6374193548387097,
        0.9908681427264244,
        0.9995952308454042,
        1.0056055567076316,
        1.0123317255620068,
        1.023691469216263,
        1.6612641815235007
    ],
    "PM_min_to_prevDayOpen_ratio": [
        0.5483870967741935,
        0.9782140823247363,
        0.9897987441906911,
        0.9966330232612122,
        1.0028057004172208,
        1.0110028358337695,
        1.3970826580226903
    ],
    "PM_max_to_Close_ratio": [
        0.674432863274065,
        0.9930348725213575,
        0.9997928150764062,
        1.0047416748381965,
        1.0105360575211788,
        1.020486177642028,
        2.282451923076923
    ],
    "PM_min_to_Close_ratio": [
        0.555438530360647,
        0.9806606046660721,
        0.9897610921501707,
        0.9952606635071091,
        1.000161013325279,
        1.007304518028957,
        1.7199519230769231
    ],
    "high_slope_rel": [
        -40.64417177914111,
        -1.0688908237674108,
        -0.39093041438623793,
        0.06729475133554891,
        0.5053427856891928,
        1.1655011655011613,
        28.97727272727273
    ],
    "high_quad_p_rel": [
        -32.11111111111112,
        -0.9623551664952841,
        -0.36882823142365184,
        0.002361401460644182,
        0.39789909279005714,
        1.0109660125518638,
        25.95307917888564
    ],
    "high_quad_q_rel": [
        -125.3665689149561,
        -4.133038216454451,
        -1.5844838921761706,
        0.004523764377894737,
        1.5808977347439457,
        4.0204489163340735,
        136.57757117954682
    ],
    "Close_to_prevDayLow": [
        0.5399091499026606,
        0.9969680635895242,
        1.0052699704142012,
        1.0116647190871655,
        1.0190335513821482,
        1.0314414590554315,
        1.939763440860215
    ],
    "Close_to_prevDayHigh": [
        0.4425531914893617,
        0.9711197863412743,
        0.9834055110566052,
        0.9908574231187312,
        0.9971464806594801,
        1.0049385767718955,
        1.6641881918819188
    ],